col1,col2,col3,col4,col5
3.4220898161298177,2.41324291994063,0.9634671083235431,15.72361804469746,17.27199989384984
14.408471191615206,7.705509372234552,1.49042970130011,23.938415719396257,9.531174470927507
6.6895346003476295,5.993519101089355,5.157728259784603,6.890713091573689,25.406750872940997
12.588553901908888,2.668112411995298,3.947529009808507,3.730234026320801,0.038507826071548124
12.51135679420918,5.134418918474299,1.6877409002668615,27.092653595772788,8.150788560063697
21.692857212164284,8.032636290717768,4.438510110399318,16.76952372674807,4.692179145356317
14.272971247964414,3.74444383767376,1.7491651823166694,19.00911113481654,1.7897670709764135
27.23835030910447,14.445380985338293,6.480617844626835,17.27578486063727,10.54137788327501
5.170205762323737,4.497359915457675,2.4904606562083607,2.678931224806959,0.5028538520734784
7.5066614874777144,4.980239800005888,4.575172131270849,8.913871028321736,29.805723991461573
21.79052055857194,1.7540619939022817,0.12226711843911664,2.8804717645794646,30.16781095620697
13.777493924227567,13.492729779521582,1.7422779237144221,15.541852883657786,18.697579702819098
24.35324869975591,12.412255796676195,1.1702616946336937,29.862646297013498,8.960044980049243
27.817961292580268,3.4438764118949328,0.8041373522235715,5.054894150506834,11.085309971271124
16.859424774368374,2.7508731859386173,0.7267337995940606,3.3100789643677135,2.5386280707805158
9.49803542306756,13.231797384649209,5.855836464507711,10.956962645019237,30.458377499064547
24.49990327159943,2.903617912213843,0.9574740653439764,22.00388046209622,12.502001490490642
1.3638121770957992,4.313570881643475,2.752340969034972,19.77243292571973,1.8598431680956313
6.111119543193719,3.0150021688409887,1.887540433953055,26.0858461508857,0.9638070024368428
4.354836966493809,0.6071870525468204,2.8401771361478643,2.745046439264714,32.00476075237009
13.500798104730194,1.2827486224366162,3.09751834513649,12.72513964117117,19.142666391767442
7.890372181118524,2.4735070713330396,1.9900660944566777,23.099542810228527,3.6023996750173524
4.9685816223373385,15.073408089868705,3.4711986422252266,26.35130036052469,0.4067828586884161
2.741731587207441,5.602739179290735,7.623239934410284,8.749063830656247,25.302227803650407
2.345466179755592,13.864359156112425,0.00705397701934718,6.815987728528565,9.934937190606778
21.717228623432952,9.457446896856645,2.0601431992517822,31.226578119836688,1.2478466919340523
8.543974645837185,18.238587633729093,3.4513061793113553,11.650534767347171,3.761972634282338
10.091605980788016,5.977460723305425,1.173337320802123,4.146890127552479,3.482486423662637
9.50378171923802,2.761660765672636,5.286481073040077,9.37004268790125,20.041518136335654
13.175507534077546,0.8464475339681359,4.265339537074608,45.44116877211203,3.8130144748069537
7.0743381196846045,0.12197564507677461,4.103359034798581,7.3414088257068215,30.71087887860771
10.321565286565287,14.211850355933468,3.170158767776995,2.6611723214056884,14.538150749485752
2.7675054131728416,7.720722185574193,5.539730795731952,31.036190743486113,8.882334136329217
15.221078662044143,7.984808121469477,1.9249906040736076,21.478711241662754,18.499826574553982
1.0262550093386889,7.746872695935532,0.5224471046943417,11.568417640657145,16.822423424896655
3.337830708763918,3.7098862783270956,1.2927126529019393,6.314303015212138,15.529012147581504
1.4603265643656798,1.5348235718455716,0.14706392956215408,30.12102025071786,37.387380414606625
4.09806854355569,3.613392285397963,0.593920561623686,27.31944761208544,26.136189452791804
8.955800714999537,7.941025318586255,10.29765559745816,8.335828945853537,12.937373468723031
17.85063867596682,0.13222612967170377,1.380730165311018,3.8155182968406596,13.966258071585857
4.865638910541936,4.126040620706023,0.6061150174968795,10.03446687718947,6.817721460284772
0.23525210447362133,2.6311707420500383,3.5794331548018614,13.24525792831333,9.565502226970093
3.7173858663497166,1.6480550765969788,3.4979283805627173,1.060703754879368,31.232834574892824
17.84793581394592,6.717377987326329,1.178192736038421,24.652013465991182,2.841855566401448
22.328155997970892,2.845731337036197,5.419978297933454,4.0796764005082995,22.43698942144836
7.614237246470653,7.255753263534027,5.758362138910298,16.614958631427783,19.018467214723934
1.6274990370348288,3.2297364093838317,0.6028070122942686,10.073407301472901,11.796403647925253
3.7172394678383416,3.2958626561546813,2.703621105412289,9.444878465665028,28.08932317411497
3.3442084802531,1.6746255304499411,0.5172306413602628,1.7188300450147445,13.510513124620955
0.5243725208646455,9.512817856903226,1.6786921290238603,28.54871334477673,0.4683115753801239
9.361120350826422,6.7287421560943645,2.5170193437230233,1.4977564365527218,25.389645304637888
11.536876176036614,8.671722064757432,4.251646713059202,5.539936161532651,25.139874381708292
0.13726027490994652,5.0140131430157355,5.7041360573082205,0.04860620706071295,8.38203452626913
8.281396033554799,1.9078730649546798,1.8148792813057684,23.22209347701936,12.457599455657741
4.471941293307978,8.50491976349532,0.8410325266174756,0.3057536353738346,29.538124175052236
26.53850867641352,8.209121851199864,3.098965673395162,28.882405452652932,17.174899935838596
4.4159701910134945,13.79548975417611,0.11007985045350965,5.845694200615302,10.018543350820822
5.459339339165251,4.586584127867996,1.16721554763582,16.642192092292454,3.2309999292442164
7.67738663019031,10.652626439195586,3.3847097961027064,7.460080696050607,7.119381888327743
8.125938964580797,11.741055605392734,4.96514592328341,8.239586524977025,10.623092624775458
20.084501220147153,10.247239517847751,7.603466220650363,15.880024604248437,44.75771401746683
7.3745789070385435,6.152789415551448,2.78002630646185,5.8988713248192,5.3035538031786364
11.368848243361407,6.530906640384571,2.2262680345150523,11.21601861866748,36.83609153333353
13.870527328162268,9.908137165083286,1.2383844775942254,5.957379964400439,22.19333040643081
13.73957477772504,1.934852592892116,2.4660557290400287,10.635115261405925,10.03505457590328
6.679664756152672,0.46531919686062984,0.9812285009151891,14.529787802867853,11.105012853136383
6.025081975055301,4.435474376566415,2.2475826436047557,8.474630394433204,6.540099009845157
10.07425047880971,1.469862644568614,1.618057150925296,13.270140699370137,1.9642481391085695
4.6055263077569695,17.625866964560743,0.4910532799437046,25.268576482001453,16.376315346649157
29.28124745175516,9.077657422347833,4.989986816505148,2.87239689255202,8.65499312652022
1.3609353111369966,0.07895367651484131,3.4636199813985447,14.023371984682475,1.202657940078245
0.2774934399488168,2.4610101523623458,1.0892222912050407,22.705727726816974,9.303398970947196
5.4251407636077555,5.461451166307391,4.348654274406835,29.42409354776146,2.96461154651368
12.897884717992504,5.170790571033194,5.6484472567350466,20.596239383094208,11.215538426163114
7.542583448937934,10.046486525925344,2.9207522260244403,16.881145133744415,11.216177621288441
11.261257457625955,4.746377781103648,0.7238256402412007,1.2943525937700198,3.767244283496078
17.735749729504867,1.2688955365366237,0.34412633837295026,5.157237636782736,10.604567409881875
14.50933748172251,3.56098868632837,6.363047760057278,1.3656596124219416,10.413644234471489
4.223120093425018,10.12200315774823,4.412490157828653,19.98167124553994,14.077883601762483
13.864852699133818,2.840622308572679,6.293182678492959,10.352980818748966,5.93489041873632
3.742956443001356,4.233064090497375,5.178373372851571,10.934881770605225,24.17366898344529
21.891557254446095,11.35727219678649,4.18096713826701,35.745239643816305,13.42569729675622
23.449169415426923,5.355204191978229,1.6774087122790722,11.508098298633636,1.838474184684145
2.6794531747342276,5.917461753657923,1.1012351412400603,0.9851694624296066,17.783822281521836
8.674150326728647,7.156644070878823,3.5991473253036856,3.602239346437786,38.48845210378836
3.971728540031295,2.6000195859244357,4.319748479572905,4.8473183810225855,11.720928829733483
19.119048141656872,7.6310963880421845,3.320654568357633,7.733534914831225,5.517390448435883
21.734051774936326,8.560352949855677,8.990508553654212,27.72135064222298,5.679699701941592
22.922255541386207,8.774128786457464,3.732614105577335,9.531271519991439,22.569426726915857
18.798317535509934,0.6321304799534411,0.21547773686065108,3.338422654646866,10.024822629757573
16.348374769328014,10.02010197726342,4.848843299751019,13.464430259511813,29.95118424510664
11.722972867965264,9.716153681866674,2.1183721310894916,0.922243147260092,7.449306915567616
17.46029149508291,13.755252079001304,5.170502476621584,7.442645014961652,29.234537774083982
7.9543303529526295,9.780100004476871,2.2834053906546483,27.924969961816014,26.95941465859958
7.282314593207884,7.851912422998315,1.410897015784307,9.617081342948026,7.05552959970861
14.272646379507218,0.01070750306764312,1.5810588723161125,5.380646969228781,16.76303387323451
2.4631201434859866,11.016206954009851,3.457682108296075,21.779248853068665,6.676851987017289
5.948911733637601,8.07682524053314,4.022692718700001,5.258332067564041,9.060745972602167
3.2092830732571294,4.664784409545219,5.731819572510444,12.646970021855136,9.840640221354242
18.542398047522287,8.016730475002568,1.2383365926601833,0.020872494405910658,11.182048502136775
3.51261059122315,21.726581590280638,1.1752611175152505,1.1723223443420867,14.886178626010047
8.164057474317051,6.359214097347237,3.933194830894917,40.60849606959522,47.12529317355456
12.134425151646935,18.088494277422143,4.087392307471982,10.779820431512952,24.344521650464422
11.880177973393229,13.77304672849289,0.8900872758077405,32.14135424821494,9.078901706553083
10.124540798823604,1.0908629121924833,1.7117981452876698,9.318935009972533,12.371144018303324
3.802565134133723,12.433160298946278,1.1113783408731668,5.8849874096934425,18.28851475161641
22.12996002793217,8.759484658921263,2.337975623789306,6.818409509171694,11.8070735515833
7.7076084107608835,1.8473754574997219,1.6705346012566553,2.8712017601735553,16.94593805253838
13.976121678345745,0.2534580762688614,0.5180593628907735,32.90877493949708,23.492053041778398
17.480332800293766,17.935807604839415,6.627970789726469,24.087015745039075,6.504034554182689
1.2588650362699023,2.892098568825144,1.4770660217325662,9.947436154194357,48.629821292985824
3.5765858581459766,6.595402239765745,4.039219276606328,12.980322174702678,19.363786388478026
6.8016656465646275,2.918218418536907,2.219511559541713,8.450200049390741,5.275252060786476
15.125073094107467,5.115366918354468,4.22738953169255,1.7724499488999452,23.574428794427384
16.84581288202879,4.635171693545697,3.1869130308199956,8.663442515811532,10.268384062843966
6.0604021364116685,0.4741324113794936,4.447296988146,6.4752135189554,17.383834151989795
2.265928890187632,14.90025246249704,3.4508600127968276,25.45579977111645,19.940257534648048
2.628033119790437,10.268301504736154,0.10952845154270596,17.9339723897188,4.986496449852593
0.05215520799418538,9.446812626589153,5.040397749247682,1.0298467562488796,5.598678447361566
4.17554651119132,4.556710784115122,2.096882288728476,14.995472390128619,6.949906659451175
11.702888620066682,5.915936797532197,4.783252961790899,21.397121733078773,8.26075161759007
6.148860600368936,2.007637072596058,2.697264851234915,5.706044736743429,26.45710270430529
3.260562594139989,0.5263944634687605,6.253237327998324,9.982645727092317,12.881134388680373
5.488085571006691,5.8309966276795775,8.089837512635011,7.773414551076453,7.885521819814436
5.386623401144364,4.114601043772339,4.658262267830619,18.504602676370247,8.93311896208819
2.000230263002147,0.9176982976913359,1.4926065613623205,17.696181498384327,21.541702549901366
12.58512403201954,12.370375095855481,1.8257619632017645,24.380779823459797,6.507602488636394
0.43215199206776245,2.994549096495148,1.7548826985919976,9.93710355657347,2.1037100188772495
7.164444282812175,4.976865420028183,2.392733456425998,15.32439133634746,10.756855698781388
4.546187630048795,5.039880976438344,4.328906160369807,2.2647531470409357,15.0745745196316
21.04469325767363,7.8641241573252705,5.143332805180918,9.927839376551649,14.832601409154936
8.195356088152607,5.222329237966773,3.461180169058246,31.676180108448,0.7558674774657934
8.163137505813935,4.189815343191118,0.7723421615816903,40.585831306469885,37.52808961383034
6.960860321653758,4.399877136388235,3.9604482812009,19.759378395685395,3.68463261217921
18.207007692549155,3.360822834103547,0.7370869140862388,22.56417382419869,19.930748548921137
2.4494027456179097,11.60306315142667,4.537748965246794,9.027467187267234,3.0290418750417683
3.9079371335718376,9.614634075663927,3.513976172097241,7.120625983395964,13.741915893045185
4.841122181608146,2.623309431821485,2.4593294201918168,3.899027451111225,32.092457500009914
8.598785456700853,4.836866835197059,1.367401873072344,4.149700298204733,1.0701222013917526
6.947994398197348,2.5407083109065396,2.3703908600489725,12.634063801967118,18.66556170014544
6.23706247746987,4.762105412214099,2.2529535841056587,7.484522188549196,32.89930498722104
8.784221344778782,6.956697563670405,3.772228297845396,12.098739519052423,10.444904155257172
9.86811108076884,8.603871871967677,3.0398231347393967,0.9841854561282997,5.625367255819796
1.1428942381112526,1.3543886092188475,2.447743742411806,14.854604436291888,7.117684046840755
11.381535267805734,10.343815695547713,4.9610163093327415,5.355733387436112,2.658969138061126
13.216514960193454,14.578787604400526,5.348726759831603,3.431521566366575,16.00619775833887
8.951005653084657,8.020262847610654,3.7199156838033867,22.098048140230922,39.886080303080774
2.1885495253138183,5.784174256712266,4.341170695539166,18.396454584781868,3.1917631397081063
7.435644824537608,0.8404319215849221,2.565473787243021,4.419621271754521,18.41557267543245
7.100577497296436,7.211749466233337,5.633758738778605,6.797805948661541,19.97402054981438
12.179876933191622,0.4956186945873071,7.985101568276761,6.632162706081285,1.1062045055882948
6.863058418213656,3.937398047783943,4.876352462878586,0.3802150186260942,3.307497514124221
0.6020015125251605,6.0401040738732235,2.3801565607798665,29.670926287278682,46.99194652927134
0.6909371010602565,6.718531710664812,6.641411203803371,14.206592669130266,40.80682015043935
0.8654381102349338,13.683204079672542,1.9307628018087486,10.163876667795193,0.42737902184230414
13.386840673366196,8.212790078364387,3.4392191558233334,3.3711147567986153,10.215184358756556
18.278269533838834,2.6211933990621836,2.1635927313688597,20.20799595068658,1.5272184675191482
4.473872920316042,8.036616263287446,3.805544665112077,36.496482811455415,11.198475946686443
20.839396322895865,4.049815678324134,6.676950996658796,16.268467498644192,7.544949105500482
3.5098303405663334,5.846862686631031,4.212777147778226,17.36877152992998,12.28957502250704
3.1468822964281813,11.541729501296667,2.307162040809303,27.1510118085262,13.778091892567911
7.54922215048596,1.6246823498793397,0.36084185719828366,28.668300901731907,11.190686521060835
4.064307593379243,2.435702529128303,0.3403432643155573,11.17452005713557,3.1914680362988674
8.189297415555322,4.063260967464284,5.17378808137558,4.155483744348814,4.8103923124012145
7.742837247555833,5.925339454630899,3.9862537201584507,13.167379426488573,8.501830021885507
0.9587592947262,2.6920110228097323,5.875817363897813,1.8999971265352045,9.300650121142178
3.2889072870008844,7.231745543498757,2.731453020704804,18.18441956795742,22.923214351139755
0.16294922152460156,3.0110851611479346,3.1449809315855797,6.019168589850141,18.495139122921294
10.422035673452267,16.07717656485895,1.6970778617588278,3.039511400860171,5.934146420618531
21.792238483363302,6.923982461171876,1.3076509048076623,15.162048868376626,14.688315802050596
1.4566890316931347,1.2309286296469466,2.2320086695410506,10.430835507685362,9.894228513860018
9.382463926671253,12.39685482856597,4.932994038050424,8.929281920644694,7.677330375296421
15.21143508931057,4.409561312037722,0.30699322922272465,4.942897764950118,10.651613962286795
3.6619283818759834,3.3895656329547053,3.472168590983109,7.136521969538737,3.2716116465365497
14.271456100306047,13.999278428651401,3.3244145498684707,15.230858075794286,11.719117232248891
21.51079964956792,6.13587864730076,4.72163202386241,37.72490645869728,44.81255369704711
11.092783576935338,1.8497834215344726,5.015507304312535,5.488799874517293,5.252765104680203
5.295159797722274,5.92159942697146,4.299760594067553,5.977386679633156,3.587587743080574
10.185292854052335,8.579942368994065,4.350941023151817,9.808266759768433,23.270803932136428
8.85238959718985,5.559874007653389,1.8853870568121696,22.760416494335377,2.321340228550203
12.857656947034867,3.1373595994106873,5.929055475561752,14.246728851930953,3.7104235486718498
9.182702233097727,2.3815935057887363,2.877604372653944,3.3461683183834214,1.9893501510487734
9.739676954686058,0.8319851625873649,3.8133388071242273,19.548422302394012,15.026588583455581
12.66425693998373,7.087288285686903,3.21407274209763,9.111805329267078,20.955243127549
4.545329105194481,11.833042069059855,2.524436323369681,6.885009567638203,14.70822712596248
2.603928366235169,12.45970122956087,2.0318027505848058,42.018105839480015,7.821996398483314
8.307684388202546,11.998232220723718,1.7586613124272752,1.768257428850454,10.370746704860679
0.24452238048919206,6.366722721399068,2.8903306266457194,6.771816770678782,23.97881461795624
17.214243287532494,7.017429997433169,1.9794946268911358,10.416950450196902,28.275390456403393
1.0876472155296117,11.832312239659263,5.6880130058419605,11.55747502994783,14.02943014526302
3.224856963813115,20.122236472735548,0.5561930346589956,30.313038406362445,10.035644130222613
7.81534726988994,3.9946243317581662,4.5600455968615545,17.97566831124019,27.67497632178637
19.164419800454663,1.5796387766069087,0.5955475509961192,11.19631064346514,15.17161065410018
4.798819997602386,4.809967208041179,3.608416859283725,26.061140109518142,1.1530542801670798
13.165258323282075,5.259039848330505,2.426095715691642,22.138508046956908,35.09645127758433
23.710208452576342,8.136184005594208,3.2138506501119504,8.970388926997359,3.2584428580067426
13.128715036377699,6.702041304302347,3.217215587447887,3.5663765079668206,9.933711671451524
3.5020524203887344,3.6162855204068975,5.9987079355260455,7.567498163602995,11.888082343469332
3.3396760371291,5.998702297699298,5.01476131971252,14.403479883324167,23.19046429696622
7.759629991314288,3.6038295021444515,1.9092738056936092,19.335531398997098,3.3910822528810662
5.603444703453086,3.4584365572981,2.6998264560504284,10.397770845464557,10.657686235247295
0.9372469220531912,4.0883163714220165,2.959120743438252,24.80492660702351,4.089760606683081
16.76749776531415,2.3546486629535055,2.2541877417865654,0.24892363316743626,7.222516001481694
1.1168929728681691,9.33479001251596,4.045907263997945,12.535231847979526,23.724222085180358
2.641011479604162,6.443561773056908,1.907395044023065,11.334319924140356,41.7673165369492
0.31912015495078616,6.347194540067008,1.5499950093233836,19.529289728662967,19.449319993224684
5.704472838077581,12.655755332626711,8.119530266564198,24.294072227054713,32.77687090136486
7.068289722517668,8.303438680530457,4.110912875169858,29.081501379544797,2.3038580358426746
21.462530195096846,9.770403746060481,2.2582502737481907,31.569537344321358,29.03327750820369
12.770159269442535,5.108283965300312,2.422746893296691,0.9579728754799248,16.376866287770824
7.248427115644043,11.443340811438414,4.863362854711955,24.6726226584018,2.5613952709572505
10.28217196904873,4.966192835078374,6.078706272175208,9.218692558534954,3.998987141512485
15.319626637190787,17.889917745819517,0.867115847293197,10.715305646030039,8.368393508412872
4.391258319666603,9.865763035403225,4.839299599645964,2.0616158759827172,7.747585542197376
1.1956097745309942,13.607547654289682,5.486557270899759,16.28694464416234,28.788498803918504
1.5580128377002707,5.123763744861762,2.752906037755593,33.21359323769714,50.051823702202604
5.827179169171014,11.408037828647094,4.4681621103443545,12.68975836232782,15.132908986306822
6.529947459990855,6.25346373358485,3.4048980540584743,5.105227073523099,9.651815882956383
34.75572510372589,4.544715124860231,4.0097722188575915,19.885346386841654,19.039438640710635
17.138797280535186,5.253408992779122,1.2845279094600777,1.7014613662215812,11.48518132968104
13.040388525554668,5.001936440109618,3.644780973000824,39.92323154662532,6.262309823665856
3.0166799898439294,12.57629567344232,7.550041695428774,7.930986765100922,3.0382604475710613
12.744245395806333,0.8203578010610342,1.558498567171944,0.9017449272030351,13.029086491856749
12.927283523087251,1.1249334149784125,1.3027300908103019,14.647341892599211,17.14855282825748
12.80280396621031,2.094787038880467,4.4180339903027,4.174887722893953,16.024578618417944
21.47308656008231,4.2154375099916015,4.173377025743058,19.89115404131949,22.204529085525714
21.917653500839737,5.592682568628364,6.15189548264825,1.1875222205183693,5.76117687690415
7.648533726919974,11.817229630763023,6.717743002539994,5.725614657251294,16.593172811808316
12.859652492184921,7.500511890282051,6.704106811295157,32.84036131777293,9.288560379076701
0.3902839190975065,7.729944922316367,1.7386259176684662,15.378909902104256,5.1765463546399335
26.016003071593488,4.1183876495111456,2.680134849575974,39.236928527075904,12.695735474104936
14.773255265528084,0.5511035295294611,5.047157540073767,3.5188924522797613,15.756831616854749
19.267070801681918,7.050600237902934,5.419071150087637,12.615681062805471,12.045902258585244
21.66543070145267,7.906220859742573,1.4298659017926316,14.544186187213148,0.7516294844837113
8.400898421606549,2.541213120652726,2.6193272710996967,15.45393093408159,11.047009522554802
13.13158231070342,6.4447736717546285,2.7386514122994225,5.101527534866945,14.7610170438935
2.9307658362935367,2.2717063090019263,5.069944949088535,18.712882423555644,1.7512323302140036
6.284027030851107,2.49357935828879,1.6623836601992734,8.486160139043896,4.29980295225629
10.298860659890213,1.2627286068145884,5.949186978385552,2.6615449203898676,26.09250463267506
34.55810611423071,7.6701170428778,2.2824482470387863,18.919249906563458,2.903428108434362
9.63985890857148,12.078608614908665,1.4576435732499178,6.260519949642823,26.027935655342553
14.845853488765357,2.486587410881216,4.572773974250496,31.773366485324413,19.943988064652814
0.7978662441459852,2.054512807862049,3.8710299029903976,0.41994066382714657,31.216378878180162
10.60207476450031,3.1700715037709237,2.9077215673857606,16.01773119265838,15.77679832526617
6.070972405041578,3.0412716259990624,4.355448917080641,25.900573813872306,6.105012100529545
4.889399479041682,5.19114582922492,1.1890000336809707,0.6894351762455226,14.930656905218093
6.104090104179084,0.3094432397477731,1.0329765341835184,19.870732999271652,30.07091239560562
12.051660720227028,17.90114445488578,5.049762607097902,6.596378006496725,6.895051082806132
16.9252790942856,4.262327597901322,2.5415375652940217,12.85155199067394,6.710479119011955
36.793006080897555,0.24365095028723482,4.372416050529491,20.18522271783661,24.225421291278842
4.123482548037984,4.343002467335985,2.3773008006492646,3.6679661690663607,16.432742922805442
10.974434557172843,17.477865168596626,1.5785228552360124,11.078734405167161,12.706087117148208
5.3888092927797295,5.9803204994313495,0.24098548013628118,34.268173712393995,10.595677159427453
13.412121569518074,4.2028105169844725,4.696020500226647,6.341290297864289,6.802647119772455
1.7214585016844057,6.966211683922405,2.0096683541275584,0.874113902496946,33.99496825719141
15.746268507265945,6.6010086898251865,5.257991628651454,31.87180866935704,9.932994786617742
7.238185512744691,3.1135434533701583,4.293364173297521,3.7909024676856573,9.568823690558942
2.6974732510379207,5.748162599036213,4.144575564527335,6.753994846521216,3.975251176963071
9.849256060109353,3.015065281229207,1.8903337225711279,25.262991811175723,24.11228176629968
3.712783133431695,1.0177531570513019,2.0958037778241705,10.735803771143182,16.206433187219144
3.6804144475308913,7.190623918006236,0.25264045957944914,7.34556189616521,23.61019583432431
2.619427507107958,10.141180663615604,0.796639351216335,0.2438986389435378,9.041285969736155
6.150962204631721,9.158474861212506,2.116216695062848,3.3504822728847703,5.287930137960672
11.617876295265063,6.198676638445846,1.267969040255284,9.71981816036985,27.365785774587774
11.736521020539687,10.572140105027849,1.9111889212859152,26.827078184333356,5.171743952610437
8.193736624672006,0.20677351366597274,6.6944841561343145,7.377858052217487,0.3693877779600161
3.251338756388077,7.013571875561764,2.4953637099416586,10.02753841373403,12.159337011051477
0.16531152161223517,7.470460271066699,2.670400156661678,7.999041867310659,0.2181972743810885
18.45054394482459,7.96075260447263,0.8453746773179125,2.4648073564935835,4.13670461677961
11.215584950744894,6.653089848609866,1.882215748150114,33.29157425284567,23.70805203933937
20.615552287243457,6.008880863641876,3.3649496410433946,13.305910590457454,6.3574610834186345
10.711157316295319,5.958400045259447,3.629026819308142,8.037635435705237,0.1625459472613553
29.91385175492408,1.7412614651012794,4.518932538685494,11.418742945726244,0.04996789741757013
10.143883068260756,3.506670120427432,5.687725849895733,36.04444464750407,13.559300361424073
12.509941877441458,4.2120685838144905,4.689972510628679,32.53871765855433,13.528537149796902
5.89362744110717,6.723628615487543,3.197016963415874,8.687482065215265,1.8625865523420533
11.949914070884306,1.5246988192223714,4.313974418153581,2.9377483026377877,16.834073116302946
10.172196346181037,15.664004725837602,1.837052559069578,13.071647227551402,10.741682004510073
6.1342334506441425,5.891837561822243,2.2577206383300945,14.897128624768857,1.8532670804984992
1.122844178858593,4.1563749498798455,4.934116384386676,11.729312905808575,11.316316466226514
5.798012520298755,3.881430250151485,2.7375540340808224,9.234295387296356,27.541337335731008
0.7493213280493083,3.313700634989025,0.24082952956122394,29.00477484404267,36.653069327335714
9.257648927454643,2.5636057507233785,6.92281672099835,33.43570480649939,14.81253652300095
1.015211490190757,0.6015839427884371,1.954909232742978,2.2979520760337433,11.232189999011494
10.788588901589277,2.6438353867169586,0.9425941658842856,3.9952214765047307,10.04821993344353
16.181386639675186,9.445185781670734,6.480372950645277,19.57349524718106,27.04285538978409
20.563177259010995,1.3239833561890682,4.289491806358558,25.551462031068603,17.52402098659145
7.845671438468573,11.965086853433332,6.086855783955025,11.12880640998383,12.088601213751506
1.8914711954826045,3.0664596753702913,1.7745199076783709,14.134644820163132,11.869678167824247
8.912622018785928,7.074986041164016,2.650780398832249,23.827627445959394,7.122270912078355
4.221776660112644,0.9370832651203096,3.502606843517124,17.092904509236384,38.49017015590357
9.786219094901565,2.383855366498702,5.686526931508107,0.5222436214525938,1.769086780341926
9.239289915703836,8.587714101919047,5.428631388581892,6.671665533887488,4.504650913087778
9.777211659706143,1.5330680990632866,0.650395294114269,29.242580910720562,8.808196898007003
11.63002053287159,1.9783612052088875,1.3413442871213752,15.385692439333194,17.127434183804496
0.77197402328953,3.9769321180527326,1.4581254187760382,17.212157118619636,7.294888301594778
15.321024163182976,0.7603557994036909,2.898288378869799,41.69835616311087,27.1420701929815
21.21533514838579,6.793971588052617,3.1733381452734686,4.628879245791659,26.386718801998043
3.9341349465255737,2.303851471801659,1.398352275378019,18.413327723307205,4.284027052402562
5.947531015688738,10.706654204957232,3.9742737577537963,15.459261813817227,6.024528161312659
20.640427811138906,11.715230016650624,2.2889199802520612,0.28616653121229874,0.9705388863164561
14.31305010968626,6.9813523221441915,3.143493215294166,27.392929749149495,1.160805255028789
7.791106178958609,3.002947429128283,1.794982360054599,20.17078642290543,2.9383274024868813
12.215955494459275,3.8750839068502207,1.3490916972713347,0.6450693125462106,15.288963399243702
15.513640588910484,3.068555168455502,2.6006075743081727,14.526884402505118,2.4085397340078174
10.615251335906123,5.219717034633481,2.896540355161452,28.05742445026292,5.979116223828008
1.2325472108977478,10.035569164205743,0.831927871224456,5.823794015026866,17.99648032740629
3.0707772734073826,2.437444972222581,2.5669614964462975,15.037223580211958,4.373726768738784
23.49971081056421,16.695951080004363,3.0650291014873066,7.441072586758999,36.64564649085768
2.006149568543584,14.08593142449057,1.7775404124660754,7.82644894749345,5.0480963051016605
7.031173840912055,1.262454647593352,3.3163310214583164,8.772276407354987,7.7141320496839825
13.8894461755964,17.620932959838846,1.1438996577292966,27.51335681494444,24.627312783602704
11.601511269784163,4.818169320476894,0.3468298876600837,31.90209206901605,0.6808838636284396
6.033378452334987,4.7276922695452175,3.798104964157541,0.3767520768672572,25.073309733654128
28.275650810001277,6.278909555997739,3.343015684430221,21.549266405586746,7.036127706698613
7.737706400536611,13.375058884736982,3.2706899773771645,22.67747399879908,14.879692146898776
1.6770515504203414,3.177372418930065,4.309093325774013,20.18858799993755,29.43129263001349
4.725235388923576,0.29462201254714726,3.23623693385421,25.779355662091497,29.23576321329542
5.546531869571554,6.106803611467749,4.195952348823418,12.72326492554276,17.231999669813693
0.6915955523441122,8.416241331895971,3.7487614802052827,10.698093266312796,9.714291848347369
11.169413890187647,6.276274785127178,2.3414616636629004,3.692499851761899,22.59533627095943
11.778952561963468,14.471593356918735,2.954226282063885,17.004863860658087,16.850941068730336
10.434575048706348,18.3874554061582,0.7447983753531768,12.603650372233684,12.746997767338055
6.025791187143964,15.376599986155712,1.1242116524223467,5.0510276845534605,6.859392130346611
1.8213778281551178,3.31997816250982,4.782446187672338,3.4283889127328244,26.626643584448598
15.616195479296362,11.645967490744129,1.4598128093126355,2.582336357953931,2.4852769600168987
10.225882978426766,4.261708426224002,5.56732840135059,23.885734293691982,15.764804364207034
2.412082005344751,5.175121168940782,1.1985561243077592,0.4221624452990582,16.96797651419756
9.49384613006226,11.662974992499661,4.019938262875366,6.546483101589692,23.3205431436293
7.791039306288887,13.854914493105747,4.473281608974699,4.648258787390381,13.828101571636388
3.971942903630623,5.751391049294085,3.0764768960649107,11.597703917549898,3.3030338240031867
10.042873124412049,3.862625289931917,4.022809153263053,18.42936135825945,4.884702404657358
1.6554026069766943,7.029962213886524,0.9043412632731767,0.7600234034480025,11.938738730483578
5.884781397444351,4.075493877321322,0.5877341938396552,24.495689873159606,45.92293266475873
8.243306875088667,0.7574778769194201,1.0636545276344338,19.39489026169824,16.965132971244024
1.8635515971701784,8.052134252879204,1.5957709922977437,41.33304319174376,10.132825437938264
8.144598825306758,6.837727438532792,3.364895460821236,24.356730603465376,12.101453759114273
3.5610553970695564,19.82348657201355,3.216544517346083,37.42176596832164,1.0074896459613374
25.823937679916163,18.361464207152025,5.299336321326206,7.763852756047901,9.272804818431595
7.236283147940988,10.999159403420581,3.507180221143354,1.2366470203288262,18.005400248375913
5.072004982184441,4.510373132487802,0.8685402323702496,3.6957981984840735,25.50609173480839
13.052684291067113,1.8043011396681656,1.8335698899783792,17.418208402109663,2.2182381569281446
13.378446284562507,11.347402845191038,4.852110760468677,13.11859266238288,3.1945568797039385
22.174040387411818,8.297723467623877,2.002349007194316,13.812053018334494,15.95801799143452
1.413922610378357,0.010842579604360303,2.5560366435055957,8.952114574640653,21.596230549187563
0.7348860405262388,2.5202742709658263,1.3280971898276923,4.640300001448921,22.96259903952855
12.723363874735647,13.799221033693188,8.695369118876652,1.0424901020488342,21.729178280851862
6.7624311405909125,4.727272519747106,1.2038259592832299,6.957913439183603,14.683649100540585
10.930198965385143,9.34145013498184,1.8373632572000793,9.756185589399283,20.55789552956567
6.919428188450837,5.850013583819648,1.8009724698848442,28.877373452665985,18.905753610882257
11.708415999669235,6.194267874373811,3.427947591324969,11.538948552867817,6.133246386593209
1.4732675019645742,17.67332324441092,3.4488111869602767,12.305576300856071,1.8441435581996846
9.14103021388561,3.810372148967498,5.6235483999083,22.74517725853722,1.8250200588382377
12.149900879753785,9.930664201236205,1.4766235747543546,1.035934049025439,8.217117667095604
5.545232788498013,3.5501288562648448,5.626297236083792,1.4862383886727795,27.591700058697192
11.410248735103949,7.3061599246543585,2.9035877678982036,5.159962027630788,1.4097857558397067
19.428227080486216,0.5798374171940255,2.729604896944325,11.053405972753946,26.587651193381884
6.513731504626501,8.699215427645976,5.413960939579228,4.360209750698272,16.222096015617556
10.373590443590171,16.307854748086363,3.3323130316779013,2.97881517083007,3.9799338704167866
9.911454767143102,4.9327466492001015,3.2136715808369507,2.7844721040543314,4.6229562581422705
5.578575126631836,13.826629983683668,0.8580647558079453,19.29266165844329,9.370704645556936
1.4183848533631016,2.3152333063523476,1.3936371293320333,15.65851614213171,0.49537556467494603
5.806144704984247,3.9793778083454523,0.8069000932694141,11.310305746241397,17.300906774073777
